Date,Symbol,Close
2020-03-09 20:13:41.292846,AAPL,150.0
2020-03-10 20:13:41.292846,AAPL,152.14753614893164
2020-03-11 20:13:41.292846,AAPL,155.28650365647945
2020-03-12 20:13:41.292846,AAPL,153.38840588773053
2020-03-13 20:13:41.292846,AAPL,154.16470351113398
2020-03-16 20:13:41.292846,AAPL,156.38831897999611
2020-03-17 20:13:41.292846,AAPL,153.55588883863697
2020-03-18 20:13:41.292846,AAPL,152.88714951988408
2020-03-19 20:13:41.292846,AAPL,154.9301230278645
2020-03-20 20:13:41.292846,AAPL,154.22074343132357
2020-03-23 20:13:41.292846,AAPL,156.48533725986215
2020-03-24 20:13:41.292846,AAPL,156.5306672681375
2020-03-25 20:13:41.292846,AAPL,156.35982224879746
2020-03-26 20:13:41.292846,AAPL,156.52178304780435
2020-03-27 20:13:41.292846,AAPL,157.3633113536669
2020-03-30 20:13:41.292846,AAPL,159.08884675183583
2020-03-31 20:13:41.292846,AAPL,159.44142341222008
2020-04-01 20:13:41.292846,AAPL,160.39037993434013
2020-04-02 20:13:41.292846,AAPL,161.79054914087445
2020-04-03 20:13:41.292846,AAPL,162.70118450290994
2020-04-06 20:13:41.292846,AAPL,164.63688040870377
2020-04-07 20:13:41.292846,AAPL,166.29309131238423
2020-04-08 20:13:41.292846,AAPL,169.06067058404582
2020-04-09 20:13:41.292846,AAPL,169.91132898599858
2020-04-10 20:13:41.292846,AAPL,169.01691488734926
2020-04-13 20:13:41.292846,AAPL,166.47519594802426
2020-04-14 20:13:41.292846,AAPL,170.15318964856962
2020-04-15 20:13:41.292846,AAPL,168.80479764577063
2020-04-16 20:13:41.292846,AAPL,166.25498615768015
2020-04-17 20:13:41.292846,AAPL,162.27023617287784
2020-04-20 20:13:41.292846,AAPL,165.58025309032095
2020-04-21 20:13:41.292846,AAPL,164.73833062137027
2020-04-22 20:13:41.292846,AAPL,163.06080755393842
2020-04-23 20:13:41.292846,AAPL,163.45135793166875
2020-04-24 20:13:41.292846,AAPL,162.5169788829868
2020-04-27 20:13:41.292846,AAPL,162.38122608777917
2020-04-28 20:13:41.292846,AAPL,163.34476853130357
2020-04-29 20:13:41.292846,AAPL,167.0706444946015
2020-04-30 20:13:41.292846,AAPL,168.78031482987294
2020-05-01 20:13:41.292846,AAPL,167.05716187287302
2020-05-04 20:13:41.292846,AAPL,167.35437446935214
2020-05-05 20:13:41.292846,AAPL,168.7805324688094
2020-05-06 20:13:41.292846,AAPL,168.68126234849066
2020-05-07 20:13:41.292846,AAPL,167.93100551707548
2020-05-08 20:13:41.292846,AAPL,168.49147200352843
2020-05-11 20:13:41.292846,AAPL,166.76802693478982
2020-05-12 20:13:41.292846,AAPL,170.25527252514365
2020-05-13 20:13:41.292846,AAPL,169.82517144820957
2020-05-14 20:13:41.292846,AAPL,171.81225922419117
2020-05-15 20:13:41.292846,AAPL,172.04227888232285
2020-05-18 20:13:41.292846,AAPL,171.3509051148598
2020-05-19 20:13:41.292846,AAPL,172.5085242520673
2020-05-20 20:13:41.292846,AAPL,175.55859050288132
2020-05-21 20:13:41.292846,AAPL,176.9327883094625
2020-05-22 20:13:41.292846,AAPL,176.8949953779589
2020-05-25 20:13:41.292846,AAPL,175.1282855606973
2020-05-26 20:13:41.292846,AAPL,176.92623679858778
2020-05-27 20:13:41.292846,AAPL,177.26052991738013
2020-05-28 20:13:41.292846,AAPL,177.99002903233378
2020-05-29 20:13:41.292846,AAPL,176.72858620321009
2020-06-01 20:13:41.292846,AAPL,177.12320887382717
2020-06-02 20:13:41.292846,AAPL,173.75293256315706
2020-06-03 20:13:41.292846,AAPL,174.0897273134301
2020-06-04 20:13:41.292846,AAPL,174.5133788669031
2020-06-05 20:13:41.292846,AAPL,172.62461304593216
2020-06-08 20:13:41.292846,AAPL,170.0392991998491
2020-06-09 20:13:41.292846,AAPL,170.21055625800577
2020-06-10 20:13:41.292846,AAPL,171.9462162806074
2020-06-11 20:13:41.292846,AAPL,172.55887016873453
2020-06-12 20:13:41.292846,AAPL,172.52223142935046
2020-06-15 20:13:41.292846,AAPL,170.705218635296
2020-06-16 20:13:41.292846,AAPL,170.95114015281615
2020-06-17 20:13:41.292846,AAPL,172.03038616558752
2020-06-18 20:13:41.292846,AAPL,172.75821922523681
2020-06-19 20:13:41.292846,AAPL,173.24736041450126
2020-06-22 20:13:41.292846,AAPL,174.64503165074166
2020-06-23 20:13:41.292846,AAPL,178.05592000805967
2020-06-24 20:13:41.292846,AAPL,178.59941546852036
2020-06-25 20:13:41.292846,AAPL,181.12265341765865
2020-06-26 20:13:41.292846,AAPL,179.91280210130915
2020-06-29 20:13:41.292846,AAPL,181.1759328447181
2020-06-30 20:13:41.292846,AAPL,178.83687914533093
2020-07-01 20:13:41.292846,AAPL,176.67852289546013
2020-07-02 20:13:41.292846,AAPL,176.10777738793436
2020-07-03 20:13:41.292846,AAPL,176.56114824811877
2020-07-06 20:13:41.292846,AAPL,177.68089668531675
2020-07-07 20:13:41.292846,AAPL,177.4178587887352
2020-07-08 20:13:41.292846,AAPL,173.97398399913465
2020-07-09 20:13:41.292846,AAPL,175.22527885382033
2020-07-10 20:13:41.292846,AAPL,176.32841321034215
2020-07-13 20:13:41.292846,AAPL,176.6441997830791
2020-07-14 20:13:41.292846,AAPL,175.03667123031175
2020-07-15 20:13:41.292846,AAPL,175.7227959763165
2020-07-16 20:13:41.292846,AAPL,175.2261375797491
2020-07-17 20:13:41.292846,AAPL,175.49862718494026
2020-07-20 20:13:41.292846,AAPL,172.89962706064753
2020-07-21 20:13:41.292846,AAPL,172.7154128574719
2020-07-22 20:13:41.292846,AAPL,174.56499678893653
2020-07-23 20:13:41.292846,AAPL,176.09441929393293
2020-07-24 20:13:41.292846,AAPL,175.17638070632086
2020-07-27 20:13:41.292846,AAPL,171.65181058504976
2020-07-28 20:13:41.292846,AAPL,173.4387800190047
2020-07-29 20:13:41.292846,AAPL,171.31483600082208
2020-07-30 20:13:41.292846,AAPL,170.80974482441243
2020-07-31 20:13:41.292846,AAPL,168.81480002419895
2020-08-03 20:13:41.292846,AAPL,167.9843708330294
2020-08-04 20:13:41.292846,AAPL,170.03896933742902
2020-08-05 20:13:41.292846,AAPL,170.49030521453358
2020-08-06 20:13:41.292846,AAPL,171.22430361828458
2020-08-07 20:13:41.292846,AAPL,170.54984000996353
2020-08-10 20:13:41.292846,AAPL,172.76040936848096
2020-08-11 20:13:41.292846,AAPL,169.8972292632637
2020-08-12 20:13:41.292846,AAPL,168.32608340799786
2020-08-13 20:13:41.292846,AAPL,170.7481220696946
2020-08-14 20:13:41.292846,AAPL,169.77052690617523
2020-08-17 20:13:41.292846,AAPL,169.99598348519618
2020-08-18 20:13:41.292846,AAPL,169.09160787525124
2020-08-19 20:13:41.292846,AAPL,168.47216368300778
2020-08-20 20:13:41.292846,AAPL,167.2804282963477
2020-08-21 20:13:41.292846,AAPL,165.31148803010151
2020-08-24 20:13:41.292846,AAPL,167.9311148830653
2020-08-25 20:13:41.292846,AAPL,168.16256130269005
2020-08-26 20:13:41.292846,AAPL,168.94996135452476
2020-08-27 20:13:41.292846,AAPL,167.87021230652348
2020-08-28 20:13:41.292846,AAPL,166.8485072832933
2020-08-31 20:13:41.292846,AAPL,168.60920309152607
2020-09-01 20:13:41.292846,AAPL,169.03074255910957
2020-09-02 20:13:41.292846,AAPL,170.13020319625744
2020-09-03 20:13:41.292846,AAPL,165.94907879410817
2020-09-04 20:13:41.292846,AAPL,164.99735708518256
2020-09-07 20:13:41.292846,AAPL,163.53757293255364
2020-09-08 20:13:41.292846,AAPL,164.54592548044224
2020-09-09 20:13:41.292846,AAPL,164.08183649352645
2020-09-10 20:13:41.292846,AAPL,161.1966797288678
2020-09-11 20:13:41.292846,AAPL,161.36633710757366
2020-09-14 20:13:41.292846,AAPL,159.09813644887134
2020-09-15 20:13:41.292846,AAPL,159.65180009062456
2020-09-16 20:13:41.292846,AAPL,160.95108100167388
2020-09-17 20:13:41.292846,AAPL,159.76776466936278
2020-09-18 20:13:41.292846,AAPL,159.40308422705985
2020-09-21 20:13:41.292846,AAPL,159.5542551571258
2020-09-22 20:13:41.292846,AAPL,161.45741682417045
2020-09-23 20:13:41.292846,AAPL,160.04921913583016
2020-09-24 20:13:41.292846,AAPL,156.39541831601585
2020-09-25 20:13:41.292846,AAPL,156.65166237543494
2020-09-28 20:13:41.292846,AAPL,155.49081969737574
2020-09-29 20:13:41.292846,AAPL,155.80979798266085
2020-09-30 20:13:41.292846,AAPL,158.98487630230878
2020-10-01 20:13:41.292846,AAPL,158.70900003570134
2020-10-02 20:13:41.292846,AAPL,155.75434514978664
2020-10-05 20:13:41.292846,AAPL,154.07445760186204
2020-10-06 20:13:41.292846,AAPL,153.32830944308907
2020-10-07 20:13:41.292846,AAPL,155.50626888084417
2020-10-08 20:13:41.292846,AAPL,156.54483355449653
2020-10-09 20:13:41.292846,AAPL,156.36056469321923
2020-10-12 20:13:41.292846,AAPL,156.4405025330429
2020-10-13 20:13:41.292846,AAPL,157.00029816285587
2020-10-14 20:13:41.292846,AAPL,156.98287183230826
2020-10-15 20:13:41.292846,AAPL,157.6425793039015
2020-10-16 20:13:41.292846,AAPL,158.0420322339482
2020-10-19 20:13:41.292846,AAPL,161.5987011727216
2020-10-20 20:13:41.292846,AAPL,160.07790032500358
2020-10-21 20:13:41.292846,AAPL,162.07643506255116
2020-10-22 20:13:41.292846,AAPL,162.27656099410166
2020-10-23 20:13:41.292846,AAPL,163.60699804730754
2020-10-26 20:13:41.292846,AAPL,163.85391387176418
2020-10-27 20:13:41.292846,AAPL,163.46301931838593
2020-10-28 20:13:41.292846,AAPL,163.81284228070396
2020-10-29 20:13:41.292846,AAPL,163.80770331962762
2020-10-30 20:13:41.292846,AAPL,164.2750200723295
2020-11-02 20:13:41.292846,AAPL,161.5281079621477
2020-11-03 20:13:41.292846,AAPL,160.08836094064128
2020-11-04 20:13:41.292846,AAPL,159.1617529754523
2020-11-05 20:13:41.292846,AAPL,158.78772264605254
2020-11-06 20:13:41.292846,AAPL,154.55906017967592
2020-11-09 20:13:41.292846,AAPL,156.21520225527914
2020-11-10 20:13:41.292846,AAPL,153.05916458880893
2020-11-11 20:13:41.292846,AAPL,153.83497091453543
2020-11-12 20:13:41.292846,AAPL,153.51455070084555
2020-11-13 20:13:41.292846,AAPL,156.5277063643019
2020-11-16 20:13:41.292846,AAPL,153.71395843372986
2020-11-17 20:13:41.292846,AAPL,152.13145986693155
2020-11-18 20:13:41.292846,AAPL,155.2366583543434
2020-11-19 20:13:41.292846,AAPL,152.16436804777624
2020-11-20 20:13:41.292846,AAPL,156.17382360196672
2020-11-23 20:13:41.292846,AAPL,154.19073010512406
2020-11-24 20:13:41.292846,AAPL,155.25684430990492
2020-11-25 20:13:41.292846,AAPL,153.98554979137523
2020-11-26 20:13:41.292846,AAPL,157.77780975865932
2020-11-27 20:13:41.292846,AAPL,160.17282723577614
2020-11-30 20:13:41.292846,AAPL,159.6080309160904
2020-12-01 20:13:41.292846,AAPL,161.73326498086118
2020-12-02 20:13:41.292846,AAPL,159.8992710296507
2020-12-03 20:13:41.292846,AAPL,165.09921933520675
2020-12-04 20:13:41.292846,AAPL,163.66222957049783
2020-12-07 20:13:41.292846,AAPL,162.46272641706892
2020-12-08 20:13:41.292846,AAPL,158.11432550454032
2020-12-09 20:13:41.292846,AAPL,157.79470290581918
2020-12-10 20:13:41.292846,AAPL,156.78585466581237
2020-12-11 20:13:41.292846,AAPL,155.83488389811677
2020-12-14 20:13:41.292846,AAPL,159.83695235060102
2020-12-15 20:13:41.292846,AAPL,163.13629502372018
2020-12-16 20:13:41.292846,AAPL,163.11741358676733
2020-12-17 20:13:41.292846,AAPL,158.771125454937
2020-12-18 20:13:41.292846,AAPL,158.8677165223255
2020-12-21 20:13:41.292846,AAPL,158.75210705827396
2020-12-22 20:13:41.292846,AAPL,159.15489497868813
2020-12-23 20:13:41.292846,AAPL,161.6317406964348
2020-12-24 20:13:41.292846,AAPL,164.13417639680753
2020-12-25 20:13:41.292846,AAPL,166.23531549253403
2020-12-28 20:13:41.292846,AAPL,169.12488270619536
2020-12-29 20:13:41.292846,AAPL,170.3100615423805
2020-12-30 20:13:41.292846,AAPL,173.22754820739974
2020-12-31 20:13:41.292846,AAPL,176.02407294703636
2021-01-01 20:13:41.292846,AAPL,174.68628825494508
2021-01-04 20:13:41.292846,AAPL,175.05444435305475
2021-01-05 20:13:41.292846,AAPL,170.79461280652723
2021-01-06 20:13:41.292846,AAPL,170.90055278636683
2021-01-07 20:13:41.292846,AAPL,169.01397976946282
2021-01-08 20:13:41.292846,AAPL,171.52930793331902
2021-01-11 20:13:41.292846,AAPL,172.33779257026197
2021-01-12 20:13:41.292846,AAPL,169.7783678087988
2021-01-13 20:13:41.292846,AAPL,168.42808592796558
2021-01-14 20:13:41.292846,AAPL,169.128021640479
2021-01-15 20:13:41.292846,AAPL,168.01060335691008
2021-01-18 20:13:41.292846,AAPL,168.00423761659678
2021-01-19 20:13:41.292846,AAPL,168.65695574434454
2021-01-20 20:13:41.292846,AAPL,168.29151786862897
2021-01-21 20:13:41.292846,AAPL,169.2492756481258
2021-01-22 20:13:41.292846,AAPL,165.4161532807605
2021-01-25 20:13:41.292846,AAPL,167.6935262114708
2021-01-26 20:13:41.292846,AAPL,170.0939070625735
2021-01-27 20:13:41.292846,AAPL,172.8675476988333
2021-01-28 20:13:41.292846,AAPL,172.51620426804647
2021-01-29 20:13:41.292846,AAPL,172.58664001384426
2021-02-01 20:13:41.292846,AAPL,173.10335363138915
2021-02-02 20:13:41.292846,AAPL,176.10280070368572
2021-02-03 20:13:41.292846,AAPL,177.48206215951947
2021-02-04 20:13:41.292846,AAPL,178.22647088221996
2021-02-05 20:13:41.292846,AAPL,178.41111053450987
2021-02-08 20:13:41.292846,AAPL,176.8421718642181
2021-02-09 20:13:41.292846,AAPL,171.56692836477347
2021-02-10 20:13:41.292846,AAPL,172.71693647958045
2021-02-11 20:13:41.292846,AAPL,173.2412167426379
2021-02-12 20:13:41.292846,AAPL,175.30951966916035
2021-02-15 20:13:41.292846,AAPL,176.9345875028223
2021-02-16 20:13:41.292846,AAPL,176.76082735361098
2021-02-17 20:13:41.292846,AAPL,176.9535596298887
2021-02-18 20:13:41.292846,AAPL,176.78221901455447
2021-02-19 20:13:41.292846,AAPL,178.7109784875537
2021-02-22 20:13:41.292846,AAPL,177.72696879475862
2021-02-23 20:13:41.292846,AAPL,176.53332031117156
2021-02-24 20:13:41.292846,AAPL,175.80189817975491
2021-02-25 20:13:41.292846,AAPL,178.22649325534482
2021-02-26 20:13:41.292846,AAPL,176.88072098342266
2021-03-01 20:13:41.292846,AAPL,176.94114705820252
2021-03-02 20:13:41.292846,AAPL,178.94790734573564
2021-03-03 20:13:41.292846,AAPL,180.87445802735363
2021-03-04 20:13:41.292846,AAPL,180.9857870311294
2021-03-05 20:13:41.292846,AAPL,181.98908748579294
2021-03-08 20:13:41.292846,AAPL,184.03097076076696
2021-03-09 20:13:41.292846,AAPL,184.785399263472
2021-03-10 20:13:41.292846,AAPL,184.34445668130223
2021-03-11 20:13:41.292846,AAPL,183.22959839086755
2021-03-12 20:13:41.292846,AAPL,184.002226873708
2021-03-15 20:13:41.292846,AAPL,185.01389871308345
2021-03-16 20:13:41.292846,AAPL,182.78564542833848
2021-03-17 20:13:41.292846,AAPL,183.16197039360284
2021-03-18 20:13:41.292846,AAPL,180.67135541266197
2021-03-19 20:13:41.292846,AAPL,181.981766864274
2021-03-22 20:13:41.292846,AAPL,185.05629928497882
2021-03-23 20:13:41.292846,AAPL,189.22745451740613
2021-03-24 20:13:41.292846,AAPL,188.68000142499758
2021-03-25 20:13:41.292846,AAPL,188.10446051511227
2021-03-26 20:13:41.292846,AAPL,186.7135147886994
2021-03-29 20:13:41.292846,AAPL,188.07219857254321
2021-03-30 20:13:41.292846,AAPL,187.51324694987125
2021-03-31 20:13:41.292846,AAPL,189.03295306188573
2021-04-01 20:13:41.292846,AAPL,187.3082128936422
2021-04-02 20:13:41.292846,AAPL,184.53870853359027
2021-04-05 20:13:41.292846,AAPL,181.9708152281146
2021-04-06 20:13:41.292846,AAPL,178.7428743741129
2021-04-07 20:13:41.292846,AAPL,181.84487340870922
2021-04-08 20:13:41.292846,AAPL,179.66288492364166
2021-04-09 20:13:41.292846,AAPL,177.08336449499993
2021-04-12 20:13:41.292846,AAPL,173.94375576915283
2021-04-13 20:13:41.292846,AAPL,170.616337351163
2021-04-14 20:13:41.292846,AAPL,170.3848817655479
2021-04-15 20:13:41.292846,AAPL,171.93031522029247
2021-04-16 20:13:41.292846,AAPL,170.39598680833703
2021-04-19 20:13:41.292846,AAPL,171.7451743027944
2021-04-20 20:13:41.292846,AAPL,169.41006176371343
2021-04-21 20:13:41.292846,AAPL,170.23497839161527
2021-04-22 20:13:41.292846,AAPL,169.08881709944404
2021-04-23 20:13:41.292846,AAPL,167.58612177532797
2021-04-26 20:13:41.292846,AAPL,165.49278673215773
2021-04-27 20:13:41.292846,AAPL,165.3789326979555
2021-04-28 20:13:41.292846,AAPL,166.47891675011152
2021-04-29 20:13:41.292846,AAPL,163.28292529092604
2021-04-30 20:13:41.292846,AAPL,162.2799709020823
2021-05-03 20:13:41.292846,AAPL,160.7049160025229
2021-05-04 20:13:41.292846,AAPL,162.59526547716825
2021-05-05 20:13:41.292846,AAPL,165.44929386337714
2021-05-06 20:13:41.292846,AAPL,164.09332781304832
2021-05-07 20:13:41.292846,AAPL,163.05659638325704
2021-05-10 20:13:41.292846,AAPL,162.44812970378706
2021-05-11 20:13:41.292846,AAPL,160.1186182702805
2021-05-12 20:13:41.292846,AAPL,161.0094653886712
2021-05-13 20:13:41.292846,AAPL,162.8900913279887
2021-05-14 20:13:41.292846,AAPL,161.24046440848718
2021-05-17 20:13:41.292846,AAPL,162.58307037815806
2021-05-18 20:13:41.292846,AAPL,162.23871412225503
2021-05-19 20:13:41.292846,AAPL,162.36085752930472
2021-05-20 20:13:41.292846,AAPL,162.7675199195388
2021-05-21 20:13:41.292846,AAPL,161.90960806721728
2021-05-24 20:13:41.292846,AAPL,160.09760323937417
2021-05-25 20:13:41.292846,AAPL,158.20376908423182
2021-05-26 20:13:41.292846,AAPL,157.03037974107582
2021-05-27 20:13:41.292846,AAPL,157.72531645811264
2021-05-28 20:13:41.292846,AAPL,156.8169610279527
2021-05-31 20:13:41.292846,AAPL,155.9706636886113
2021-06-01 20:13:41.292846,AAPL,154.4507607971294
2021-06-02 20:13:41.292846,AAPL,152.69190955949807
2021-06-03 20:13:41.292846,AAPL,150.4678203369382
2021-06-04 20:13:41.292846,AAPL,149.4114624055156
2021-06-07 20:13:41.292846,AAPL,149.1801255172115
2021-06-08 20:13:41.292846,AAPL,146.55767233151045
2021-06-09 20:13:41.292846,AAPL,143.93080496948744
2021-06-10 20:13:41.292846,AAPL,144.27034294044557
2021-06-11 20:13:41.292846,AAPL,143.35967269913385
2021-06-14 20:13:41.292846,AAPL,143.88166186266562
2021-06-15 20:13:41.292846,AAPL,140.6980492693251
2021-06-16 20:13:41.292846,AAPL,138.88285987833382
2021-06-17 20:13:41.292846,AAPL,142.61349306694382
2021-06-18 20:13:41.292846,AAPL,141.12986256675737
2021-06-21 20:13:41.292846,AAPL,139.59411310618165
2021-06-22 20:13:41.292846,AAPL,135.32595804250295
2021-06-23 20:13:41.292846,AAPL,136.01318964924644
2021-06-24 20:13:41.292846,AAPL,135.21418222750918
2021-06-25 20:13:41.292846,AAPL,134.2523185833548
2021-06-28 20:13:41.292846,AAPL,131.7069767358989
2021-06-29 20:13:41.292846,AAPL,130.95934796460625
2021-06-30 20:13:41.292846,AAPL,129.2710717725153
2021-07-01 20:13:41.292846,AAPL,130.57703950151853
2021-07-02 20:13:41.292846,AAPL,134.6658720376743
2021-07-05 20:13:41.292846,AAPL,133.580778663353
2021-07-06 20:13:41.292846,AAPL,135.86220332476492
2021-07-07 20:13:41.292846,AAPL,135.46669192285887
2021-07-08 20:13:41.292846,AAPL,135.80768404197514
2021-07-09 20:13:41.292846,AAPL,136.52336995416601
2021-07-12 20:13:41.292846,AAPL,135.8535639716192
2021-07-13 20:13:41.292846,AAPL,132.5959552082167
2021-07-14 20:13:41.292846,AAPL,132.43696420262648
2021-07-15 20:13:41.292846,AAPL,129.68922388407043
2021-07-16 20:13:41.292846,AAPL,128.14390628614018
2021-07-19 20:13:41.292846,AAPL,126.34892729790582
2021-07-20 20:13:41.292846,AAPL,126.95706881011316
2021-07-21 20:13:41.292846,AAPL,124.33327856425983
2021-07-22 20:13:41.292846,AAPL,123.35002423177883
2021-07-23 20:13:41.292846,AAPL,123.45768139902772
2021-07-26 20:13:41.292846,AAPL,125.77748004907134
2021-07-27 20:13:41.292846,AAPL,122.19558707825098
2021-07-28 20:13:41.292846,AAPL,121.81917250740274
2021-07-29 20:13:41.292846,AAPL,121.99858720353855
2021-07-30 20:13:41.292846,AAPL,120.79448542571468
2021-08-02 20:13:41.292846,AAPL,116.43026122505916
2021-08-03 20:13:41.292846,AAPL,119.2333037705514
2021-08-04 20:13:41.292846,AAPL,118.27596577217813
2021-08-05 20:13:41.292846,AAPL,120.04605507844704
2021-08-06 20:13:41.292846,AAPL,119.08096714728494
2021-08-09 20:13:41.292846,AAPL,118.59670792759654
2021-08-10 20:13:41.292846,AAPL,116.56561665262042
2021-08-11 20:13:41.292846,AAPL,114.945229278181
2021-08-12 20:13:41.292846,AAPL,111.45083494797574
2021-08-13 20:13:41.292846,AAPL,113.97379538327438
2021-08-16 20:13:41.292846,AAPL,112.65712853441366
2021-08-17 20:13:41.292846,AAPL,111.28817233440431
2021-08-18 20:13:41.292846,AAPL,109.10858280921425
2021-08-19 20:13:41.292846,AAPL,112.16190631695976
2021-08-20 20:13:41.292846,AAPL,114.16122792273778
2021-08-23 20:13:41.292846,AAPL,110.30204148487779
2021-08-24 20:13:41.292846,AAPL,112.36549652494048
2021-08-25 20:13:41.292846,AAPL,111.71883226993155
2021-08-26 20:13:41.292846,AAPL,112.94281343883833
2021-08-27 20:13:41.292846,AAPL,112.36293443187844
2021-08-30 20:13:41.292846,AAPL,114.68756859663578
2021-08-31 20:13:41.292846,AAPL,113.44057696496175
2021-09-01 20:13:41.292846,AAPL,113.59642474023572
2021-09-02 20:13:41.292846,AAPL,112.67971005192011
2021-09-03 20:13:41.292846,AAPL,112.64653961518141
2021-09-06 20:13:41.292846,AAPL,114.91389903581332
2021-09-07 20:13:41.292846,AAPL,114.84005326656631
2021-09-08 20:13:41.292846,AAPL,114.06939918861833
2021-09-09 20:13:41.292846,AAPL,112.57235837023079
2021-09-10 20:13:41.292846,AAPL,111.71037139577871
2021-09-13 20:13:41.292846,AAPL,109.1780442449559
2021-09-14 20:13:41.292846,AAPL,109.04975621702542
2021-09-15 20:13:41.292846,AAPL,108.54095458884723
2021-09-16 20:13:41.292846,AAPL,107.0138537374111
2021-09-17 20:13:41.292846,AAPL,104.56564978895396
2021-09-20 20:13:41.292846,AAPL,103.1491577324202
2021-09-21 20:13:41.292846,AAPL,101.13373295859054
2021-09-22 20:13:41.292846,AAPL,99.31952744123375
2021-09-23 20:13:41.292846,AAPL,99.20163333389851
2021-09-24 20:13:41.292846,AAPL,100.62729346780806
2021-09-27 20:13:41.292846,AAPL,98.94237497015732
2021-09-28 20:13:41.292846,AAPL,98.26588706127067
2021-09-29 20:13:41.292846,AAPL,95.30326644013577
2021-09-30 20:13:41.292846,AAPL,96.14438529919222
2021-10-01 20:13:41.292846,AAPL,93.43807115132826
2021-10-04 20:13:41.292846,AAPL,91.56995345957813
2021-10-05 20:13:41.292846,AAPL,91.93094765843755
2021-10-06 20:13:41.292846,AAPL,91.67295620041382
2021-10-07 20:13:41.292846,AAPL,97.17316699727377
2021-10-08 20:13:41.292846,AAPL,95.52595528111544
2021-10-11 20:13:41.292846,AAPL,94.84383089521444
2021-10-12 20:13:41.292846,AAPL,96.6657098565485
2021-10-13 20:13:41.292846,AAPL,95.17993385683167
2021-10-14 20:13:41.292846,AAPL,95.34983898809541
2021-10-15 20:13:41.292846,AAPL,96.22287413591144
2021-10-18 20:13:41.292846,AAPL,97.71719943768329
2021-10-19 20:13:41.292846,AAPL,98.08129065622812
2021-10-20 20:13:41.292846,AAPL,100.66417039610752
2021-10-21 20:13:41.292846,AAPL,98.26622105067668
2021-10-22 20:13:41.292846,AAPL,98.31232125794452
2021-10-25 20:13:41.292846,AAPL,96.7388537123553
2021-10-26 20:13:41.292846,AAPL,95.75790431163692
2021-10-27 20:13:41.292846,AAPL,98.07325720852315
2021-10-28 20:13:41.292846,AAPL,99.29540600610011
2021-10-29 20:13:41.292846,AAPL,103.63985941187201
2021-11-01 20:13:41.292846,AAPL,101.47127230477292
2021-11-02 20:13:41.292846,AAPL,100.52335381528952
2021-11-03 20:13:41.292846,AAPL,99.58333436706735
2021-11-04 20:13:41.292846,AAPL,96.65699754292103
2021-11-05 20:13:41.292846,AAPL,91.28368362748476
2021-11-08 20:13:41.292846,AAPL,90.60908037897325
2021-11-09 20:13:41.292846,AAPL,89.92749531224368
2021-11-10 20:13:41.292846,AAPL,90.95629628372474
2021-11-11 20:13:41.292846,AAPL,89.73826969913165
2021-11-12 20:13:41.292846,AAPL,88.10076532039244
2021-11-15 20:13:41.292846,AAPL,88.27710463159266
2021-11-16 20:13:41.292846,AAPL,89.08516594983496
2021-11-17 20:13:41.292846,AAPL,87.23338863597652
2021-11-18 20:13:41.292846,AAPL,87.58621415446025
2021-11-19 20:13:41.292846,AAPL,83.44177498789719
2021-11-22 20:13:41.292846,AAPL,84.4971412177445
2021-11-23 20:13:41.292846,AAPL,82.06764622613399
2021-11-24 20:13:41.292846,AAPL,81.45419289851084
2021-11-25 20:13:41.292846,AAPL,75.81899865071962
2021-11-26 20:13:41.292846,AAPL,75.43280199687497
2021-11-29 20:13:41.292846,AAPL,74.6033639234385
2021-11-30 20:13:41.292846,AAPL,77.75055902119121
2021-12-01 20:13:41.292846,AAPL,76.67738848306878
2021-12-02 20:13:41.292846,AAPL,75.01872822993433
2021-12-03 20:13:41.292846,AAPL,74.71044797743606
2021-12-06 20:13:41.292846,AAPL,73.76911148020733
2021-12-07 20:13:41.292846,AAPL,76.71537223937635
2021-12-08 20:13:41.292846,AAPL,75.81943941920545
2021-12-09 20:13:41.292846,AAPL,75.20673566857485
2021-12-10 20:13:41.292846,AAPL,74.0355233682266
2021-12-13 20:13:41.292846,AAPL,75.42603899662305
2021-12-14 20:13:41.292846,AAPL,75.43965879596978
2021-12-15 20:13:41.292846,AAPL,75.13220056638325
2021-12-16 20:13:41.292846,AAPL,75.44010487913764
2021-12-17 20:13:41.292846,AAPL,75.8327653416397
2021-12-20 20:13:41.292846,AAPL,74.95574090259952
2021-12-21 20:13:41.292846,AAPL,76.15160879467304
2021-12-22 20:13:41.292846,AAPL,76.15874811069236
2021-12-23 20:13:41.292846,AAPL,80.96741005304625
2021-12-24 20:13:41.292846,AAPL,79.06384203448471
2021-12-27 20:13:41.292846,AAPL,78.87625288029633
2021-12-28 20:13:41.292846,AAPL,78.51982019306392
2021-12-29 20:13:41.292846,AAPL,77.75779968738769
2021-12-30 20:13:41.292846,AAPL,76.59719175838869
2021-12-31 20:13:41.292846,AAPL,78.28166528301537
2022-01-03 20:13:41.292846,AAPL,80.81459495050062
2022-01-04 20:13:41.292846,AAPL,80.17141044045681
2022-01-05 20:13:41.292846,AAPL,77.99602992296693
2022-01-06 20:13:41.292846,AAPL,76.86897167807447
2022-01-07 20:13:41.292846,AAPL,76.51035995105036
2022-01-10 20:13:41.292846,AAPL,79.67170979259346
2022-01-11 20:13:41.292846,AAPL,80.81660016837321
2022-01-12 20:13:41.292846,AAPL,81.26601893271129
2022-01-13 20:13:41.292846,AAPL,84.5466135198751
2022-01-14 20:13:41.292846,AAPL,86.21289649863046
2022-01-17 20:13:41.292846,AAPL,87.36955610178092
2022-01-18 20:13:41.292846,AAPL,90.5694832657254
2022-01-19 20:13:41.292846,AAPL,90.18402670803668
2022-01-20 20:13:41.292846,AAPL,91.63517592067858
2022-01-21 20:13:41.292846,AAPL,89.54369854292028
2022-01-24 20:13:41.292846,AAPL,91.88166499274674
2022-01-25 20:13:41.292846,AAPL,91.61092213045643
2022-01-26 20:13:41.292846,AAPL,91.74339649178907
2022-01-27 20:13:41.292846,AAPL,90.13580397568477
2022-01-28 20:13:41.292846,AAPL,87.9518175209482
2022-01-31 20:13:41.292846,AAPL,84.52835301908816
2022-02-01 20:13:41.292846,AAPL,87.23022241228259
2022-02-02 20:13:41.292846,AAPL,83.18048066657285
2022-02-03 20:13:41.292846,AAPL,82.85983694591891
2022-02-04 20:13:41.292846,AAPL,81.90698580600692
2022-02-07 20:13:41.292846,AAPL,81.41407466908677
2022-02-08 20:13:41.292846,AAPL,81.21162895879536
2022-02-09 20:13:41.292846,AAPL,82.2366817777648
2022-02-10 20:13:41.292846,AAPL,82.41854709767699
2022-02-11 20:13:41.292846,AAPL,79.00216956518152
2022-02-14 20:13:41.292846,AAPL,83.49709042337969
2022-02-15 20:13:41.292846,AAPL,86.78483045003559
2022-02-16 20:13:41.292846,AAPL,86.79077194060419
2022-02-17 20:13:41.292846,AAPL,83.71337059201416
2022-02-18 20:13:41.292846,AAPL,82.82095843443905
2022-02-21 20:13:41.292846,AAPL,83.15878259217612
2022-02-22 20:13:41.292846,AAPL,83.01619478312526
2022-02-23 20:13:41.292846,AAPL,83.87913379109251
2022-02-24 20:13:41.292846,AAPL,86.25821311521999
2022-02-25 20:13:41.292846,AAPL,86.93167503884685
2022-02-28 20:13:41.292846,AAPL,87.07186274431596
2022-03-01 20:13:41.292846,AAPL,84.09842495890318
2022-03-02 20:13:41.292846,AAPL,83.39173085357086
2022-03-03 20:13:41.292846,AAPL,85.95287691992148
2022-03-04 20:13:41.292846,AAPL,85.85289668871238
2022-03-07 20:13:41.292846,AAPL,88.17198378964501
2022-03-08 20:13:41.292846,AAPL,85.47771700586155
2022-03-09 20:13:41.292846,AAPL,83.57401309795951
2022-03-10 20:13:41.292846,AAPL,86.12469995568128
2022-03-11 20:13:41.292846,AAPL,83.72861425828135
2022-03-14 20:13:41.292846,AAPL,82.67031224991435
2022-03-15 20:13:41.292846,AAPL,85.50377729211604
2022-03-16 20:13:41.292846,AAPL,85.89216091523487
2022-03-17 20:13:41.292846,AAPL,80.9304664573391
2022-03-18 20:13:41.292846,AAPL,78.9331167587095
2022-03-21 20:13:41.292846,AAPL,79.910795590581
2022-03-22 20:13:41.292846,AAPL,79.21334151046099
2022-03-23 20:13:41.292846,AAPL,80.58142756173599
2022-03-24 20:13:41.292846,AAPL,80.04125501670492
2022-03-25 20:13:41.292846,AAPL,83.38593602957448
2022-03-28 20:13:41.292846,AAPL,85.89155579785337
2022-03-29 20:13:41.292846,AAPL,83.4198849826349
2022-03-30 20:13:41.292846,AAPL,84.07925791729791
2022-03-31 20:13:41.292846,AAPL,85.05220657484341
2022-04-01 20:13:41.292846,AAPL,85.55248497826881
2022-04-04 20:13:41.292846,AAPL,87.83870171520444
2022-04-05 20:13:41.292846,AAPL,85.79740121975192
2022-04-06 20:13:41.292846,AAPL,84.88603654748248
2022-04-07 20:13:41.292846,AAPL,85.7215977678407
2022-04-08 20:13:41.292846,AAPL,88.0753833143931
2022-04-11 20:13:41.292846,AAPL,87.43622981803941
2022-04-12 20:13:41.292846,AAPL,88.36344665877462
2022-04-13 20:13:41.292846,AAPL,90.9841992856908
2022-04-14 20:13:41.292846,AAPL,89.67951348491677
2022-04-15 20:13:41.292846,AAPL,89.03381797299468
2022-04-18 20:13:41.292846,AAPL,92.24654133814228
2022-04-19 20:13:41.292846,AAPL,92.4569225333221
2022-04-20 20:13:41.292846,AAPL,94.08502036248878
2022-04-21 20:13:41.292846,AAPL,92.8222477039847
2022-04-22 20:13:41.292846,AAPL,93.65879324215322
2022-04-25 20:13:41.292846,AAPL,92.18439056009967
2022-04-26 20:13:41.292846,AAPL,90.53999046602743
2022-04-27 20:13:41.292846,AAPL,89.41105333844459
2022-04-28 20:13:41.292846,AAPL,90.93723372367349
2022-04-29 20:13:41.292846,AAPL,86.32702890479928
2022-05-02 20:13:41.292846,AAPL,87.53033181199547
2022-05-03 20:13:41.292846,AAPL,84.58989735956379
2022-05-04 20:13:41.292846,AAPL,84.85304549960536
2022-05-05 20:13:41.292846,AAPL,85.54080928523265
2022-05-06 20:13:41.292846,AAPL,86.59559064244381
2022-05-09 20:13:41.292846,AAPL,84.78422701422998
2022-05-10 20:13:41.292846,AAPL,86.1151212249479
2022-05-11 20:13:41.292846,AAPL,86.2285523324689
2022-05-12 20:13:41.292846,AAPL,86.1782745085893
2022-05-13 20:13:41.292846,AAPL,87.72963948751531
2022-05-16 20:13:41.292846,AAPL,89.15612432615458
2022-05-17 20:13:41.292846,AAPL,86.88791832030667
2022-05-18 20:13:41.292846,AAPL,87.7905280870964
2022-05-19 20:13:41.292846,AAPL,82.69581004434947
2022-05-20 20:13:41.292846,AAPL,81.32006317219343
2022-05-23 20:13:41.292846,AAPL,81.77112552977418
2022-05-24 20:13:41.292846,AAPL,81.8676004062132
2022-05-25 20:13:41.292846,AAPL,82.94687988230943
2022-05-26 20:13:41.292846,AAPL,83.51995967585842
2022-05-27 20:13:41.292846,AAPL,83.1931651328414
2022-05-30 20:13:41.292846,AAPL,84.07966701857914
2022-05-31 20:13:41.292846,AAPL,84.6427267212376
2022-06-01 20:13:41.292846,AAPL,83.2981381496708
2022-06-02 20:13:41.292846,AAPL,82.09702621145266
2022-06-03 20:13:41.292846,AAPL,82.40882794566926
2022-06-06 20:13:41.292846,AAPL,83.92831021554278
2022-06-07 20:13:41.292846,AAPL,84.20483557258918
2022-06-08 20:13:41.292846,AAPL,81.23074546539
2022-06-09 20:13:41.292846,AAPL,81.48243519208502
2022-06-10 20:13:41.292846,AAPL,74.93438811898667
2022-06-13 20:13:41.292846,AAPL,76.97082147992496
2022-06-14 20:13:41.292846,AAPL,80.641678588159
2022-06-15 20:13:41.292846,AAPL,78.32978973325248
2022-06-16 20:13:41.292846,AAPL,75.37297856230127
2022-06-17 20:13:41.292846,AAPL,75.00395695859767
2022-06-20 20:13:41.292846,AAPL,74.89076917855053
2022-06-21 20:13:41.292846,AAPL,73.80214030040175
2022-06-22 20:13:41.292846,AAPL,70.07164750886399
2022-06-23 20:13:41.292846,AAPL,71.34235819641623
2022-06-24 20:13:41.292846,AAPL,71.6023888482819
2022-06-27 20:13:41.292846,AAPL,73.01071565173072
2022-06-28 20:13:41.292846,AAPL,72.51193731913116
2022-06-29 20:13:41.292846,AAPL,68.3497253999713
2022-06-30 20:13:41.292846,AAPL,70.30648796601989
2022-07-01 20:13:41.292846,AAPL,71.43642715994504
2022-07-04 20:13:41.292846,AAPL,71.00757228122926
2022-07-05 20:13:41.292846,AAPL,73.58521419214564
2022-07-06 20:13:41.292846,AAPL,73.39585285535672
2022-07-07 20:13:41.292846,AAPL,74.91026779521802
2022-07-08 20:13:41.292846,AAPL,73.83713787675613
2022-07-11 20:13:41.292846,AAPL,76.35390935768976
2022-07-12 20:13:41.292846,AAPL,77.62885921569944
2022-07-13 20:13:41.292846,AAPL,79.54206730053309
2022-07-14 20:13:41.292846,AAPL,74.73478270936474
2022-07-15 20:13:41.292846,AAPL,73.45758692743617
2022-07-18 20:13:41.292846,AAPL,76.89935793660572
2022-07-19 20:13:41.292846,AAPL,74.55951060908244
2022-07-20 20:13:41.292846,AAPL,75.06912815881083
2022-07-21 20:13:41.292846,AAPL,75.95895287154036
2022-07-22 20:13:41.292846,AAPL,77.39014053174148
2022-07-25 20:13:41.292846,AAPL,80.1234007879105
2022-07-26 20:13:41.292846,AAPL,80.63160769732168
2022-07-27 20:13:41.292846,AAPL,79.67141586204245
2022-07-28 20:13:41.292846,AAPL,79.08550435875364
2022-07-29 20:13:41.292846,AAPL,78.0607744949184
2022-08-01 20:13:41.292846,AAPL,80.1643213464953
2022-08-02 20:13:41.292846,AAPL,78.60022976389025
2022-08-03 20:13:41.292846,AAPL,75.50430861709815
2022-08-04 20:13:41.292846,AAPL,74.79538433894703
2022-08-05 20:13:41.292846,AAPL,72.16741871523956
2022-08-08 20:13:41.292846,AAPL,69.36672418088831
2022-08-09 20:13:41.292846,AAPL,63.06862140685647
2022-08-10 20:13:41.292846,AAPL,62.50105638137162
2022-08-11 20:13:41.292846,AAPL,65.09960291703617
2022-08-12 20:13:41.292846,AAPL,65.05898804154782
2022-08-15 20:13:41.292846,AAPL,65.04408695598701
2022-08-16 20:13:41.292846,AAPL,62.19000180842489
2022-08-17 20:13:41.292846,AAPL,64.02687377368079
2022-08-18 20:13:41.292846,AAPL,64.75270515757477
2022-08-19 20:13:41.292846,AAPL,62.412297103659334
2022-08-22 20:13:41.292846,AAPL,62.127768586230445
2022-08-23 20:13:41.292846,AAPL,60.006250340778436
2022-08-24 20:13:41.292846,AAPL,59.20026628032959
2022-08-25 20:13:41.292846,AAPL,60.20200573963628
2022-08-26 20:13:41.292846,AAPL,61.5727655257078
2022-08-29 20:13:41.292846,AAPL,61.4362695460676
2022-08-30 20:13:41.292846,AAPL,62.206171843487766
2022-08-31 20:13:41.292846,AAPL,59.79750821994802
2022-09-01 20:13:41.292846,AAPL,63.184556417427544
2022-09-02 20:13:41.292846,AAPL,61.220642069542805
2022-09-05 20:13:41.292846,AAPL,62.47558236494914
2022-09-06 20:13:41.292846,AAPL,64.39494751304247
2022-09-07 20:13:41.292846,AAPL,61.96910155834898
2022-09-08 20:13:41.292846,AAPL,63.08224107972904
2022-09-09 20:13:41.292846,AAPL,64.13452301398917
2022-09-12 20:13:41.292846,AAPL,64.73861761028905
2022-09-13 20:13:41.292846,AAPL,63.859440897093705
2022-09-14 20:13:41.292846,AAPL,63.28858961955088
2022-09-15 20:13:41.292846,AAPL,67.35522550525555
2022-09-16 20:13:41.292846,AAPL,68.40330661223696
2022-09-19 20:13:41.292846,AAPL,69.23847842737896
2022-09-20 20:13:41.292846,AAPL,69.24079658634028
2022-09-21 20:13:41.292846,AAPL,70.45333072002772
2022-09-22 20:13:41.292846,AAPL,70.31241267287163
2022-09-23 20:13:41.292846,AAPL,73.2897687233443
2022-09-26 20:13:41.292846,AAPL,75.78033596137992
2022-09-27 20:13:41.292846,AAPL,77.01249418807397
2022-09-28 20:13:41.292846,AAPL,76.22212634972809
2022-09-29 20:13:41.292846,AAPL,74.25182066802482
2022-09-30 20:13:41.292846,AAPL,78.64627852197779
2022-10-03 20:13:41.292846,AAPL,75.99437832236157
2022-10-04 20:13:41.292846,AAPL,81.81500442624454
2022-10-05 20:13:41.292846,AAPL,81.5282383936218
2022-10-06 20:13:41.292846,AAPL,81.19074378309197
2022-10-07 20:13:41.292846,AAPL,80.42184040473342
2022-10-10 20:13:41.292846,AAPL,74.17191835469134
2022-10-11 20:13:41.292846,AAPL,72.2589091091057
2022-10-12 20:13:41.292846,AAPL,71.81111310490935
2022-10-13 20:13:41.292846,AAPL,71.79125236028595
2022-10-14 20:13:41.292846,AAPL,70.66457679627221
2022-10-17 20:13:41.292846,AAPL,70.94047174342175
2022-10-18 20:13:41.292846,AAPL,72.46785480265243
2022-10-19 20:13:41.292846,AAPL,71.7956686717994
2022-10-20 20:13:41.292846,AAPL,69.98655909847002
2022-10-21 20:13:41.292846,AAPL,68.26145587638285
2022-10-24 20:13:41.292846,AAPL,71.22128230522858
2022-10-25 20:13:41.292846,AAPL,72.72968011554008
2022-10-26 20:13:41.292846,AAPL,75.80980570907306
2022-10-27 20:13:41.292846,AAPL,80.4449089920135
2022-10-28 20:13:41.292846,AAPL,81.91019407904751
2022-10-31 20:13:41.292846,AAPL,81.82877792131619
2022-11-01 20:13:41.292846,AAPL,80.25885380868817
2022-11-02 20:13:41.292846,AAPL,79.87122782935658
2022-11-03 20:13:41.292846,AAPL,81.16579220205928
2022-11-04 20:13:41.292846,AAPL,84.58293812311967
2022-11-07 20:13:41.292846,AAPL,86.1711063737121
2022-11-08 20:13:41.292846,AAPL,87.19659049823578
2022-11-09 20:13:41.292846,AAPL,82.11698871842366
2022-11-10 20:13:41.292846,AAPL,83.7398820805021
2022-11-11 20:13:41.292846,AAPL,87.02296491162804
2022-11-14 20:13:41.292846,AAPL,89.8759088428196
2022-11-15 20:13:41.292846,AAPL,89.0825955359612
2022-11-16 20:13:41.292846,AAPL,86.40904015643432
2022-11-17 20:13:41.292846,AAPL,85.15531905195748
2022-11-18 20:13:41.292846,AAPL,85.38363535658458
2022-11-21 20:13:41.292846,AAPL,84.24382142606966
2022-11-22 20:13:41.292846,AAPL,84.29607270501147
2022-11-23 20:13:41.292846,AAPL,86.731248057982
2022-11-24 20:13:41.292846,AAPL,84.16041072875781
2022-11-25 20:13:41.292846,AAPL,83.02753706456797
2022-11-28 20:13:41.292846,AAPL,79.64445293513825
2022-11-29 20:13:41.292846,AAPL,80.4839549867464
2022-11-30 20:13:41.292846,AAPL,82.91391248653774
2022-12-01 20:13:41.292846,AAPL,85.0447244236618
2022-12-02 20:13:41.292846,AAPL,84.6678444629263
2022-12-05 20:13:41.292846,AAPL,85.04266075996662
2022-12-06 20:13:41.292846,AAPL,83.61558471583704
2022-12-07 20:13:41.292846,AAPL,82.4166632355456
2022-12-08 20:13:41.292846,AAPL,83.62172953062347
2022-12-09 20:13:41.292846,AAPL,80.63084720174739
2022-12-12 20:13:41.292846,AAPL,80.50974367816488
2022-12-13 20:13:41.292846,AAPL,80.27432592622463
2022-12-14 20:13:41.292846,AAPL,78.91597975592846
2022-12-15 20:13:41.292846,AAPL,77.97320005448873
2022-12-16 20:13:41.292846,AAPL,77.82237363365957
2022-12-19 20:13:41.292846,AAPL,78.54683141638672
2022-12-20 20:13:41.292846,AAPL,79.26679448680659
2022-12-21 20:13:41.292846,AAPL,80.21413030664607
2022-12-22 20:13:41.292846,AAPL,81.03886035016014
2022-12-23 20:13:41.292846,AAPL,82.06281740427465
2022-12-26 20:13:41.292846,AAPL,82.68134041516423
2022-12-27 20:13:41.292846,AAPL,85.79677722363036
2022-12-28 20:13:41.292846,AAPL,86.0410508085682
2022-12-29 20:13:41.292846,AAPL,85.11747353363204
2022-12-30 20:13:41.292846,AAPL,84.34497498606117
2023-01-02 20:13:41.292846,AAPL,85.06402681647764
2023-01-03 20:13:41.292846,AAPL,86.37693982189327
2023-01-04 20:13:41.292846,AAPL,85.13290766389582
2023-01-05 20:13:41.292846,AAPL,85.46585514464952
2023-01-06 20:13:41.292846,AAPL,85.17357432798333
2023-01-09 20:13:41.292846,AAPL,84.63150553584467
2023-01-10 20:13:41.292846,AAPL,83.67509450868945
2023-01-11 20:13:41.292846,AAPL,80.58661884631444
2023-01-12 20:13:41.292846,AAPL,78.01977273697185
2023-01-13 20:13:41.292846,AAPL,78.52028422533104
2023-01-16 20:13:41.292846,AAPL,75.41651582751577
2023-01-17 20:13:41.292846,AAPL,73.3151359478278
2023-01-18 20:13:41.292846,AAPL,73.05411394040175
2023-01-19 20:13:41.292846,AAPL,74.31373488637355
2023-01-20 20:13:41.292846,AAPL,72.83621866258622
2023-01-23 20:13:41.292846,AAPL,75.00123883046405
2023-01-24 20:13:41.292846,AAPL,73.21390629816096
2023-01-25 20:13:41.292846,AAPL,72.59972705048843
2023-01-26 20:13:41.292846,AAPL,73.49979094123836
2023-01-27 20:13:41.292846,AAPL,74.19563108609135
2023-01-30 20:13:41.292846,AAPL,76.51166997485247
2023-01-31 20:13:41.292846,AAPL,72.95014156435035
2023-02-01 20:13:41.292846,AAPL,72.5918814454171
2023-02-02 20:13:41.292846,AAPL,67.70572797464584
2023-02-03 20:13:41.292846,AAPL,66.98705626045181
2023-02-06 20:13:41.292846,AAPL,67.84923391044313
2023-02-07 20:13:41.292846,AAPL,69.20041610280927
2023-02-08 20:13:41.292846,AAPL,67.38840491896009
2023-02-09 20:13:41.292846,AAPL,66.7536856268976
2023-02-10 20:13:41.292846,AAPL,65.50301318367883
2023-02-13 20:13:41.292846,AAPL,67.80544596653706
2023-02-14 20:13:41.292846,AAPL,69.6052061017433
2023-02-15 20:13:41.292846,AAPL,70.6103691797672
2023-02-16 20:13:41.292846,AAPL,68.8016403425679
2023-02-17 20:13:41.292846,AAPL,67.29940059799236
2023-02-20 20:13:41.292846,AAPL,68.13620561727004
2023-02-21 20:13:41.292846,AAPL,68.74859701142609
2023-02-22 20:13:41.292846,AAPL,71.66157753959514
2023-02-23 20:13:41.292846,AAPL,73.01299205330979
2023-02-24 20:13:41.292846,AAPL,70.60273295668557
2023-02-27 20:13:41.292846,AAPL,72.61284466439956
2023-02-28 20:13:41.292846,AAPL,70.76249825204222
2023-03-01 20:13:41.292846,AAPL,70.31304280744261
2023-03-02 20:13:41.292846,AAPL,70.11449151717788
2023-03-03 20:13:41.292846,AAPL,72.37160018573624
2023-03-06 20:13:41.292846,AAPL,70.60611080493243
2023-03-07 20:13:41.292846,AAPL,69.07798471723342
2023-03-08 20:13:41.292846,AAPL,68.66189464820762
2023-03-09 20:13:41.292846,AAPL,68.97254427415281
2023-03-10 20:13:41.292846,AAPL,66.79142351522827
2023-03-13 20:13:41.292846,AAPL,65.57686983996433
2023-03-14 20:13:41.292846,AAPL,67.6566495598572
2023-03-15 20:13:41.292846,AAPL,65.5249583085601
2023-03-16 20:13:41.292846,AAPL,66.55227354783773
2023-03-17 20:13:41.292846,AAPL,68.39071793750915
2023-03-20 20:13:41.292846,AAPL,66.34151620648352
2023-03-21 20:13:41.292846,AAPL,64.07830757776438
2023-03-22 20:13:41.292846,AAPL,66.21352160178301
2023-03-23 20:13:41.292846,AAPL,68.48563076881828
2023-03-24 20:13:41.292846,AAPL,71.04882262617362
2023-03-27 20:13:41.292846,AAPL,73.3377563964642
2023-03-28 20:13:41.292846,AAPL,74.5723872209713
2023-03-29 20:13:41.292846,AAPL,76.54553152356193
2023-03-30 20:13:41.292846,AAPL,79.29746164554642
2023-03-31 20:13:41.292846,AAPL,79.7098600598288
2023-04-03 20:13:41.292846,AAPL,80.71478862789822
2023-04-04 20:13:41.292846,AAPL,78.24003913486084
2023-04-05 20:13:41.292846,AAPL,79.90839511934381
2023-04-06 20:13:41.292846,AAPL,77.81345274780827
2023-04-07 20:13:41.292846,AAPL,77.74142949052168
2023-04-10 20:13:41.292846,AAPL,79.81361378121454
2023-04-11 20:13:41.292846,AAPL,78.19017610839165
2023-04-12 20:13:41.292846,AAPL,77.77681356519452
2023-04-13 20:13:41.292846,AAPL,76.04510199884182
2023-04-14 20:13:41.292846,AAPL,79.01308429959965
2023-04-17 20:13:41.292846,AAPL,76.56212829589904
2023-04-18 20:13:41.292846,AAPL,78.43036350851217
2023-04-19 20:13:41.292846,AAPL,75.58871329437927
2023-04-20 20:13:41.292846,AAPL,74.72985594464609
2023-04-21 20:13:41.292846,AAPL,77.27317931579225
2023-04-24 20:13:41.292846,AAPL,76.67753352867302
2023-04-25 20:13:41.292846,AAPL,76.74984759768815
2023-04-26 20:13:41.292846,AAPL,73.91581525507085
2023-04-27 20:13:41.292846,AAPL,74.36452193372581
2023-04-28 20:13:41.292846,AAPL,72.95177034422673
2023-05-01 20:13:41.292846,AAPL,74.74954682788749
2023-05-02 20:13:41.292846,AAPL,77.51622079375667
2023-05-03 20:13:41.292846,AAPL,75.57752179184762
2023-05-04 20:13:41.292846,AAPL,76.46901754107147
2023-05-05 20:13:41.292846,AAPL,78.16391630818528
2023-05-08 20:13:41.292846,AAPL,79.8469877016275
2023-05-09 20:13:41.292846,AAPL,76.87207889804881
2023-05-10 20:13:41.292846,AAPL,75.49570345823864
2023-05-11 20:13:41.292846,AAPL,76.21532245927968
2023-05-12 20:13:41.292846,AAPL,76.77456183166983
2023-05-15 20:13:41.292846,AAPL,76.96863445460474
2023-05-16 20:13:41.292846,AAPL,76.61074926607729
2023-05-17 20:13:41.292846,AAPL,74.75876500316558
2023-05-18 20:13:41.292846,AAPL,71.40073376698788
2023-05-19 20:13:41.292846,AAPL,71.2757052948933
2023-05-22 20:13:41.292846,AAPL,73.53958349418059
2023-05-23 20:13:41.292846,AAPL,77.09257032337108
2023-05-24 20:13:41.292846,AAPL,76.86018748459766
2023-05-25 20:13:41.292846,AAPL,78.69890857628656
2023-05-26 20:13:41.292846,AAPL,78.12986582125683
2023-05-29 20:13:41.292846,AAPL,75.69418104355593
2023-05-30 20:13:41.292846,AAPL,74.9217847489958
2023-05-31 20:13:41.292846,AAPL,75.50641861914355
2023-06-01 20:13:41.292846,AAPL,73.88667184984754
2023-06-02 20:13:41.292846,AAPL,72.49282077358511
2023-06-05 20:13:41.292846,AAPL,69.47238455589377
2023-06-06 20:13:41.292846,AAPL,64.73995357653727
2023-06-07 20:13:41.292846,AAPL,67.7168428885363
2023-06-08 20:13:41.292846,AAPL,70.42174059545637
2023-06-09 20:13:41.292846,AAPL,69.41831919759984
2023-06-12 20:13:41.292846,AAPL,70.47959987151397
2023-06-13 20:13:41.292846,AAPL,71.08043438478028
2023-06-14 20:13:41.292846,AAPL,71.80034087646952
2023-06-15 20:13:41.292846,AAPL,75.54002397907189
2023-06-16 20:13:41.292846,AAPL,72.46299490059046
2023-06-19 20:13:41.292846,AAPL,74.33490173979567
2023-06-20 20:13:41.292846,AAPL,75.66762962453315
2023-06-21 20:13:41.292846,AAPL,77.98095449271585
2023-06-22 20:13:41.292846,AAPL,76.66461754614319
2023-06-23 20:13:41.292846,AAPL,77.96747435601507
2023-06-26 20:13:41.292846,AAPL,72.40482921579597
2023-06-27 20:13:41.292846,AAPL,68.7746947503464
2023-06-28 20:13:41.292846,AAPL,69.0445340954071
2023-06-29 20:13:41.292846,AAPL,70.8310506853437
2023-06-30 20:13:41.292846,AAPL,72.91748275004754
2023-07-03 20:13:41.292846,AAPL,74.1543241902857
2023-07-04 20:13:41.292846,AAPL,71.68848048278993
2023-07-05 20:13:41.292846,AAPL,72.2285172036781
2023-07-06 20:13:41.292846,AAPL,71.14719498845022
2023-07-07 20:13:41.292846,AAPL,74.21303565171584
2023-07-10 20:13:41.292846,AAPL,77.11236911675789
2023-07-11 20:13:41.292846,AAPL,81.90097935846539
2023-07-12 20:13:41.292846,AAPL,81.60004439366294
2023-07-13 20:13:41.292846,AAPL,83.59429479483491
2023-07-14 20:13:41.292846,AAPL,84.21069180294711
2023-07-17 20:13:41.292846,AAPL,83.84606898977638
2023-07-18 20:13:41.292846,AAPL,82.55746419862804
2023-07-19 20:13:41.292846,AAPL,81.71440985016797
2023-07-20 20:13:41.292846,AAPL,78.99627429502303
2023-07-21 20:13:41.292846,AAPL,80.22732342216293
2023-07-24 20:13:41.292846,AAPL,80.45386596984734
2023-07-25 20:13:41.292846,AAPL,79.64930089413721
2023-07-26 20:13:41.292846,AAPL,83.6063914931951
2023-07-27 20:13:41.292846,AAPL,88.19974897327482
2023-07-28 20:13:41.292846,AAPL,90.41215324492143
2023-07-31 20:13:41.292846,AAPL,92.5902178662446
2023-08-01 20:13:41.292846,AAPL,92.75985982505135
2023-08-02 20:13:41.292846,AAPL,94.47078624881779
2023-08-03 20:13:41.292846,AAPL,96.57390314921416
2023-08-04 20:13:41.292846,AAPL,99.17957082084152
2023-08-07 20:13:41.292846,AAPL,100.01255067972313
2023-08-08 20:13:41.292846,AAPL,99.85721297368121
2023-08-09 20:13:41.292846,AAPL,102.62633034675886
2023-08-10 20:13:41.292846,AAPL,104.73149249469296
2023-08-11 20:13:41.292846,AAPL,107.98026933559986
2023-08-14 20:13:41.292846,AAPL,111.27100392762752
2023-08-15 20:13:41.292846,AAPL,110.53342864270513
2023-08-16 20:13:41.292846,AAPL,111.4267680617664
2023-08-17 20:13:41.292846,AAPL,113.79852751302145
2023-08-18 20:13:41.292846,AAPL,116.2926442908423
2023-08-21 20:13:41.292846,AAPL,115.21476988769923
2023-08-22 20:13:41.292846,AAPL,118.87204540133544
2023-08-23 20:13:41.292846,AAPL,116.35138424918027
2023-08-24 20:13:41.292846,AAPL,114.81122883008749
2023-08-25 20:13:41.292846,AAPL,115.48244350696402
2023-08-28 20:13:41.292846,AAPL,117.62613496934843
2023-08-29 20:13:41.292846,AAPL,118.37736453534875
2023-08-30 20:13:41.292846,AAPL,116.2366525526752
2023-08-31 20:13:41.292846,AAPL,118.27960343209946
2023-09-01 20:13:41.292846,AAPL,115.92632463154696
2023-09-04 20:13:41.292846,AAPL,116.42036306558744
2023-09-05 20:13:41.292846,AAPL,115.9077465375923
2023-09-06 20:13:41.292846,AAPL,116.85830285628244
2023-09-07 20:13:41.292846,AAPL,118.34886013379521
2023-09-08 20:13:41.292846,AAPL,118.41622514557073
2023-09-11 20:13:41.292846,AAPL,117.13551424063577
2023-09-12 20:13:41.292846,AAPL,115.9357861188357
2023-09-13 20:13:41.292846,AAPL,114.09546987178926
2023-09-14 20:13:41.292846,AAPL,114.73207622816113
2023-09-15 20:13:41.292846,AAPL,114.2959729902581
2023-09-18 20:13:41.292846,AAPL,112.9117499241873
2023-09-19 20:13:41.292846,AAPL,112.7020572804525
2023-09-20 20:13:41.292846,AAPL,110.99666048732368
2023-09-21 20:13:41.292846,AAPL,113.91835069608679
2023-09-22 20:13:41.292846,AAPL,112.51966514750487
2023-09-25 20:13:41.292846,AAPL,113.11593607464333
2023-09-26 20:13:41.292846,AAPL,115.08747637132933
2023-09-27 20:13:41.292846,AAPL,116.43487311222945
2023-09-28 20:13:41.292846,AAPL,119.08545950479714
2023-09-29 20:13:41.292846,AAPL,118.26543423711483
2023-10-02 20:13:41.292846,AAPL,114.19061033026716
2023-10-03 20:13:41.292846,AAPL,115.63866629108236
2023-10-04 20:13:41.292846,AAPL,115.93243027614015
2023-10-05 20:13:41.292846,AAPL,113.18252093165634
2023-10-06 20:13:41.292846,AAPL,111.99112101979253
2023-10-09 20:13:41.292846,AAPL,110.42236880573631
2023-10-10 20:13:41.292846,AAPL,111.95394954083547
2023-10-11 20:13:41.292846,AAPL,113.10678016523212
2023-10-12 20:13:41.292846,AAPL,111.18782487019072
2023-10-13 20:13:41.292846,AAPL,109.8550779818833
2023-10-16 20:13:41.292846,AAPL,109.69412522213936
2023-10-17 20:13:41.292846,AAPL,111.61380791684903
2023-10-18 20:13:41.292846,AAPL,112.77548332186288
2023-10-19 20:13:41.292846,AAPL,115.72870588999476
2023-10-20 20:13:41.292846,AAPL,115.26402925605248
2023-10-23 20:13:41.292846,AAPL,116.16645552132037
2023-10-24 20:13:41.292846,AAPL,115.21126373794233
2023-10-25 20:13:41.292846,AAPL,115.47328035992265
2023-10-26 20:13:41.292846,AAPL,117.56170692655104
2023-10-27 20:13:41.292846,AAPL,117.16193708118135
2023-10-30 20:13:41.292846,AAPL,116.28416676776409
2023-10-31 20:13:41.292846,AAPL,115.42564825870306
2023-11-01 20:13:41.292846,AAPL,119.88164191204405
2023-11-02 20:13:41.292846,AAPL,118.89970933324116
2023-11-03 20:13:41.292846,AAPL,116.89956367352717
2023-11-06 20:13:41.292846,AAPL,114.86573752372497
2023-11-07 20:13:41.292846,AAPL,113.77216740388909
2023-11-08 20:13:41.292846,AAPL,113.28525919529865
2023-11-09 20:13:41.292846,AAPL,113.32832918167195
2023-11-10 20:13:41.292846,AAPL,114.4097413021773
2023-11-13 20:13:41.292846,AAPL,112.23119905052728
2023-11-14 20:13:41.292846,AAPL,114.78680663989567
2023-11-15 20:13:41.292846,AAPL,112.03604575949451
2023-11-16 20:13:41.292846,AAPL,112.58763154072548
2023-11-17 20:13:41.292846,AAPL,111.98695078478303
2023-11-20 20:13:41.292846,AAPL,109.92930527921493
2023-11-21 20:13:41.292846,AAPL,106.28254632179392
2023-11-22 20:13:41.292846,AAPL,106.51308354321692
2023-11-23 20:13:41.292846,AAPL,109.28761425598478
2023-11-24 20:13:41.292846,AAPL,107.34728790632029
2023-11-27 20:13:41.292846,AAPL,105.97636263933586
2023-11-28 20:13:41.292846,AAPL,104.44051093952989
2023-11-29 20:13:41.292846,AAPL,106.2568685476129
2023-11-30 20:13:41.292846,AAPL,107.82317120718012
2023-12-01 20:13:41.292846,AAPL,108.69217092212831
2023-12-04 20:13:41.292846,AAPL,105.4018164277951
2023-12-05 20:13:41.292846,AAPL,105.9127173133228
2023-12-06 20:13:41.292846,AAPL,105.29258235192708
2023-12-07 20:13:41.292846,AAPL,104.43094851146112
2023-12-08 20:13:41.292846,AAPL,103.32929306428794
2023-12-11 20:13:41.292846,AAPL,102.94984345880425
2023-12-12 20:13:41.292846,AAPL,104.94532535025468
2023-12-13 20:13:41.292846,AAPL,103.47373253504536
2023-12-14 20:13:41.292846,AAPL,101.4670091102507
2023-12-15 20:13:41.292846,AAPL,98.99194104012835
2023-12-18 20:13:41.292846,AAPL,98.28046480034901
2023-12-19 20:13:41.292846,AAPL,98.48363577846236
2023-12-20 20:13:41.292846,AAPL,96.11502350200435
2023-12-21 20:13:41.292846,AAPL,95.37705088038953
2023-12-22 20:13:41.292846,AAPL,95.0572911717454
2023-12-25 20:13:41.292846,AAPL,95.22266796646578
2023-12-26 20:13:41.292846,AAPL,97.43866958415906
2023-12-27 20:13:41.292846,AAPL,97.33505282404889
2023-12-28 20:13:41.292846,AAPL,95.52656727396386
2023-12-29 20:13:41.292846,AAPL,98.31276004835053
2024-01-01 20:13:41.292846,AAPL,99.60927971387915
2024-01-02 20:13:41.292846,AAPL,97.09205837203032
2024-01-03 20:13:41.292846,AAPL,102.84427865895016
2024-01-04 20:13:41.292846,AAPL,101.71338482859112
2024-01-05 20:13:41.292846,AAPL,105.04063114502321
2024-01-08 20:13:41.292846,AAPL,108.39663740934527
2024-01-09 20:13:41.292846,AAPL,106.68272951359101
2024-01-10 20:13:41.292846,AAPL,106.11799630814473
2024-01-11 20:13:41.292846,AAPL,107.71072482647523
2024-01-12 20:13:41.292846,AAPL,107.63692603567107
2024-01-15 20:13:41.292846,AAPL,104.8433802780998
2024-01-16 20:13:41.292846,AAPL,102.73776183705513
2024-01-17 20:13:41.292846,AAPL,102.71633388362723
2024-01-18 20:13:41.292846,AAPL,101.95050399603105
2024-01-19 20:13:41.292846,AAPL,98.73547645780012
2024-01-22 20:13:41.292846,AAPL,98.86744823464741
2024-01-23 20:13:41.292846,AAPL,98.90945871654027
2024-01-24 20:13:41.292846,AAPL,98.89526754343872
2024-01-25 20:13:41.292846,AAPL,99.0664494874993
2024-01-26 20:13:41.292846,AAPL,101.68425221388728
2024-01-29 20:13:41.292846,AAPL,103.08436115451096
2024-01-30 20:13:41.292846,AAPL,101.42073297242605
2024-01-31 20:13:41.292846,AAPL,106.97458105278648
2024-02-01 20:13:41.292846,AAPL,108.20940255129956
2024-02-02 20:13:41.292846,AAPL,109.74586769994926
2024-02-05 20:13:41.292846,AAPL,111.7901622680138
2024-02-06 20:13:41.292846,AAPL,111.89838131440604
2024-02-07 20:13:41.292846,AAPL,110.58197860956336
2024-02-08 20:13:41.292846,AAPL,111.20491411515707
2024-02-09 20:13:41.292846,AAPL,109.3743614504738
2024-02-12 20:13:41.292846,AAPL,106.36066597240298
2024-02-13 20:13:41.292846,AAPL,108.36870376401953
2024-02-14 20:13:41.292846,AAPL,111.7971066085143
2024-02-15 20:13:41.292846,AAPL,112.6232698261863
2024-02-16 20:13:41.292846,AAPL,115.49018836672025
2024-02-19 20:13:41.292846,AAPL,111.9018547363178
2024-02-20 20:13:41.292846,AAPL,108.31282047577349
2024-02-21 20:13:41.292846,AAPL,105.578790844475
2024-02-22 20:13:41.292846,AAPL,106.74619069217331
2024-02-23 20:13:41.292846,AAPL,107.06435032179229
2024-02-26 20:13:41.292846,AAPL,105.71577157826965
2024-02-27 20:13:41.292846,AAPL,106.76814641584856
2024-02-28 20:13:41.292846,AAPL,109.03146685542282
2024-02-29 20:13:41.292846,AAPL,108.68877946543732
2024-03-01 20:13:41.292846,AAPL,109.54277462133993
2024-03-04 20:13:41.292846,AAPL,107.91974868299565
2024-03-05 20:13:41.292846,AAPL,109.13195688295332
2024-03-06 20:13:41.292846,AAPL,109.36677512076373
2024-03-07 20:13:41.292846,AAPL,108.37538331112408
2024-03-08 20:13:41.292846,AAPL,113.76917626347209
2024-03-11 20:13:41.292846,AAPL,112.38785064404692
2024-03-12 20:13:41.292846,AAPL,114.67639410289173
2024-03-13 20:13:41.292846,AAPL,111.73677759361378
2024-03-14 20:13:41.292846,AAPL,111.95622913796875
2024-03-15 20:13:41.292846,AAPL,107.89648519711247
2024-03-18 20:13:41.292846,AAPL,107.1940496934694
2024-03-19 20:13:41.292846,AAPL,106.96149371345201
2024-03-20 20:13:41.292846,AAPL,107.9833963725137
2024-03-21 20:13:41.292846,AAPL,108.50716873910294
2024-03-22 20:13:41.292846,AAPL,105.95341828002175
2024-03-25 20:13:41.292846,AAPL,107.28495179668808
2024-03-26 20:13:41.292846,AAPL,111.53881565925208
2024-03-27 20:13:41.292846,AAPL,112.58514118609426
2024-03-28 20:13:41.292846,AAPL,115.66755025397737
2024-03-29 20:13:41.292846,AAPL,116.63790176460245
2024-04-01 20:13:41.292846,AAPL,116.7180454050895
2024-04-02 20:13:41.292846,AAPL,117.93092380086323
2024-04-03 20:13:41.292846,AAPL,120.76677184758591
2024-04-04 20:13:41.292846,AAPL,121.560174389706
2024-04-05 20:13:41.292846,AAPL,120.4494466199285
2024-04-08 20:13:41.292846,AAPL,121.66157640117939
2024-04-09 20:13:41.292846,AAPL,122.00103876928185
2024-04-10 20:13:41.292846,AAPL,123.06977885795534
2024-04-11 20:13:41.292846,AAPL,120.50393160847224
2024-04-12 20:13:41.292846,AAPL,116.41047120144772
2024-04-15 20:13:41.292846,AAPL,120.43360957045688
2024-04-16 20:13:41.292846,AAPL,122.73508853293211
2024-04-17 20:13:41.292846,AAPL,124.53736034695356
2024-04-18 20:13:41.292846,AAPL,125.42244285898714
2024-04-19 20:13:41.292846,AAPL,122.99435758282284
2024-04-22 20:13:41.292846,AAPL,123.60811308548072
2024-04-23 20:13:41.292846,AAPL,123.38520192174376
2024-04-24 20:13:41.292846,AAPL,123.84734958509154
2024-04-25 20:13:41.292846,AAPL,124.78480701747463
2024-04-26 20:13:41.292846,AAPL,124.9707796070749
2024-04-29 20:13:41.292846,AAPL,126.94689863366901
2024-04-30 20:13:41.292846,AAPL,127.17534861861573
2024-05-01 20:13:41.292846,AAPL,121.76550766181217
2024-05-02 20:13:41.292846,AAPL,122.06161874617052
2024-05-03 20:13:41.292846,AAPL,127.67121345339866
2024-05-06 20:13:41.292846,AAPL,129.71769248885158
2024-05-07 20:13:41.292846,AAPL,133.0660710530644
2024-05-08 20:13:41.292846,AAPL,136.07925912102945
2024-05-09 20:13:41.292846,AAPL,134.093177223518
2024-05-10 20:13:41.292846,AAPL,135.4791149198383
2024-05-13 20:13:41.292846,AAPL,132.35104175258132
2024-05-14 20:13:41.292846,AAPL,128.81872097896792
2024-05-15 20:13:41.292846,AAPL,128.6027604957793
2024-05-16 20:13:41.292846,AAPL,128.47885588645673
2024-05-17 20:13:41.292846,AAPL,130.98656711504918
2024-05-20 20:13:41.292846,AAPL,128.9709642302514
2024-05-21 20:13:41.292846,AAPL,125.48206582804035
2024-05-22 20:13:41.292846,AAPL,124.2828761775387
2024-05-23 20:13:41.292846,AAPL,123.04876656983076
2024-05-24 20:13:41.292846,AAPL,121.69269063021237
2024-05-27 20:13:41.292846,AAPL,120.83648595527232
2024-05-28 20:13:41.292846,AAPL,118.9503908979536
2024-05-29 20:13:41.292846,AAPL,119.095307876691
2024-05-30 20:13:41.292846,AAPL,117.4814867797781
2024-05-31 20:13:41.292846,AAPL,112.45133832446933
2024-06-03 20:13:41.292846,AAPL,107.7392074844559
2024-06-04 20:13:41.292846,AAPL,110.17369485082432
2024-06-05 20:13:41.292846,AAPL,110.87504777678889
2024-06-06 20:13:41.292846,AAPL,111.43814821782834
2024-06-07 20:13:41.292846,AAPL,111.13130967250116
2024-06-10 20:13:41.292846,AAPL,110.99746797105347
2024-06-11 20:13:41.292846,AAPL,110.24829116060945
2024-06-12 20:13:41.292846,AAPL,110.89036571803399
2024-06-13 20:13:41.292846,AAPL,115.14747557129866
2024-06-14 20:13:41.292846,AAPL,113.68230147057602
2024-06-17 20:13:41.292846,AAPL,117.06775074918208
2024-06-18 20:13:41.292846,AAPL,118.26593526973771
2024-06-19 20:13:41.292846,AAPL,120.04724370392856
2024-06-20 20:13:41.292846,AAPL,117.58298029556114
2024-06-21 20:13:41.292846,AAPL,119.21267112060988
2024-06-24 20:13:41.292846,AAPL,118.21913051709467
2024-06-25 20:13:41.292846,AAPL,119.45422497842029
2024-06-26 20:13:41.292846,AAPL,115.62894771949512
2024-06-27 20:13:41.292846,AAPL,113.23181412729214
2024-06-28 20:13:41.292846,AAPL,109.85812222572966
2024-07-01 20:13:41.292846,AAPL,110.70816538949738
2024-07-02 20:13:41.292846,AAPL,110.64045769194296
2024-07-03 20:13:41.292846,AAPL,107.92661827717119
2024-07-04 20:13:41.292846,AAPL,106.86149994205009
2024-07-05 20:13:41.292846,AAPL,109.19098432277208
2024-07-08 20:13:41.292846,AAPL,110.83052586661387
2024-07-09 20:13:41.292846,AAPL,109.63378232979876
2024-07-10 20:13:41.292846,AAPL,109.09533126702475
2024-07-11 20:13:41.292846,AAPL,106.8478822914141
2024-07-12 20:13:41.292846,AAPL,105.4007472047479
2024-07-15 20:13:41.292846,AAPL,104.32054488377653
2024-07-16 20:13:41.292846,AAPL,103.70482588749702
2024-07-17 20:13:41.292846,AAPL,101.1606389694422
2024-07-18 20:13:41.292846,AAPL,102.4756113344504
2024-07-19 20:13:41.292846,AAPL,100.18399542138583
2024-07-22 20:13:41.292846,AAPL,101.04209469816179
2024-07-23 20:13:41.292846,AAPL,100.29218795442618
2024-07-24 20:13:41.292846,AAPL,98.19443172550288
2024-07-25 20:13:41.292846,AAPL,98.89826580133452
2024-07-26 20:13:41.292846,AAPL,97.18791402353922
2024-07-29 20:13:41.292846,AAPL,97.02885117139698
2024-07-30 20:13:41.292846,AAPL,99.74977549912239
2024-07-31 20:13:41.292846,AAPL,100.46359098141181
2024-08-01 20:13:41.292846,AAPL,101.22026350402972
2024-08-02 20:13:41.292846,AAPL,101.28264291657818
2024-08-05 20:13:41.292846,AAPL,103.10902851148136
2024-08-06 20:13:41.292846,AAPL,100.03938530458895
2024-08-07 20:13:41.292846,AAPL,100.8723778599422
2024-08-08 20:13:41.292846,AAPL,99.05260111541172
2024-08-09 20:13:41.292846,AAPL,98.1381100191419
2024-08-12 20:13:41.292846,AAPL,99.5439287556145
2024-08-13 20:13:41.292846,AAPL,99.22666519445626
2024-08-14 20:13:41.292846,AAPL,97.36194414985069
2024-08-15 20:13:41.292846,AAPL,99.14553955775442
2024-08-16 20:13:41.292846,AAPL,98.50168430410618
2024-08-19 20:13:41.292846,AAPL,95.45010712576953
2024-08-20 20:13:41.292846,AAPL,97.7452089033065
2024-08-21 20:13:41.292846,AAPL,95.65848373554103
2024-08-22 20:13:41.292846,AAPL,98.57575918282397
2024-08-23 20:13:41.292846,AAPL,100.1885905053083
2024-08-26 20:13:41.292846,AAPL,98.76923514775838
2024-08-27 20:13:41.292846,AAPL,98.45411286962694
2024-08-28 20:13:41.292846,AAPL,98.80830015965729
2024-08-29 20:13:41.292846,AAPL,98.06212934194838
2024-08-30 20:13:41.292846,AAPL,99.54479969492999
2024-09-02 20:13:41.292846,AAPL,96.8853364653535
2024-09-03 20:13:41.292846,AAPL,97.50424085425063
2024-09-04 20:13:41.292846,AAPL,98.87309912812606
2024-09-05 20:13:41.292846,AAPL,95.38609372615902
2024-09-06 20:13:41.292846,AAPL,94.38388871603505
2024-09-09 20:13:41.292846,AAPL,92.25902694692246
2024-09-10 20:13:41.292846,AAPL,94.23812987060346
2024-09-11 20:13:41.292846,AAPL,94.80314376864133
2024-09-12 20:13:41.292846,AAPL,93.57361162586666
2024-09-13 20:13:41.292846,AAPL,91.78545369619704
2024-09-16 20:13:41.292846,AAPL,90.61945923997506
2024-09-17 20:13:41.292846,AAPL,91.09536931540043
2024-09-18 20:13:41.292846,AAPL,89.8523494744301
2024-09-19 20:13:41.292846,AAPL,88.1120070807211
2024-09-20 20:13:41.292846,AAPL,89.51205660065054
2024-09-23 20:13:41.292846,AAPL,87.87515512168802
2024-09-24 20:13:41.292846,AAPL,88.09011492453077
2024-09-25 20:13:41.292846,AAPL,88.27369288750991
2024-09-26 20:13:41.292846,AAPL,88.2598020797397
2024-09-27 20:13:41.292846,AAPL,87.17810228054681
2024-09-30 20:13:41.292846,AAPL,83.90584450527115
2024-10-01 20:13:41.292846,AAPL,85.25243399400644
2024-10-02 20:13:41.292846,AAPL,81.00799105470642
2024-10-03 20:13:41.292846,AAPL,80.38702039367499
2024-10-04 20:13:41.292846,AAPL,81.47019420363426
2024-10-07 20:13:41.292846,AAPL,80.80372370957662
2024-10-08 20:13:41.292846,AAPL,79.35191485022928
2024-10-09 20:13:41.292846,AAPL,80.24878903696373
2024-10-10 20:13:41.292846,AAPL,84.37777353335109
2024-10-11 20:13:41.292846,AAPL,82.92761038517129
2024-10-14 20:13:41.292846,AAPL,80.78967482409449
2024-10-15 20:13:41.292846,AAPL,81.64826930826406
2024-10-16 20:13:41.292846,AAPL,81.32609732133757
2024-10-17 20:13:41.292846,AAPL,80.18869906808233
2024-10-18 20:13:41.292846,AAPL,81.39763040773617
2024-10-21 20:13:41.292846,AAPL,79.631764984651
2024-10-22 20:13:41.292846,AAPL,80.04364699944138
2024-10-23 20:13:41.292846,AAPL,78.21996319337035
2024-10-24 20:13:41.292846,AAPL,80.11099778831229
2024-10-25 20:13:41.292846,AAPL,80.59057339885882
2024-10-28 20:13:41.292846,AAPL,81.53495957092112
2024-10-29 20:13:41.292846,AAPL,79.31115234312978
2024-10-30 20:13:41.292846,AAPL,81.0817677066035
2024-10-31 20:13:41.292846,AAPL,80.16731656664608
2024-11-01 20:13:41.292846,AAPL,80.22527090034518
2024-11-04 20:13:41.292846,AAPL,78.71930633621014
2024-11-05 20:13:41.292846,AAPL,78.23442687713143
2024-11-06 20:13:41.292846,AAPL,73.03839051309686
2024-11-07 20:13:41.292846,AAPL,70.95352991462289
2024-11-08 20:13:41.292846,AAPL,68.29028952841139
2024-11-11 20:13:41.292846,AAPL,67.17363997238522
2024-11-12 20:13:41.292846,AAPL,66.97889279602482
2024-11-13 20:13:41.292846,AAPL,66.26110033905822
2024-11-14 20:13:41.292846,AAPL,66.53560210451266
2024-11-15 20:13:41.292846,AAPL,68.71638388583443
2024-11-18 20:13:41.292846,AAPL,67.37234833456948
2024-11-19 20:13:41.292846,AAPL,65.00385762864363
2024-11-20 20:13:41.292846,AAPL,63.00520324037039
2024-11-21 20:13:41.292846,AAPL,61.68937041796718
2024-11-22 20:13:41.292846,AAPL,62.79962912474292
2024-11-25 20:13:41.292846,AAPL,61.09965380833993
2024-11-26 20:13:41.292846,AAPL,62.69287930069081
2024-11-27 20:13:41.292846,AAPL,65.21070310604591
2024-11-28 20:13:41.292846,AAPL,64.81784820267436
2024-11-29 20:13:41.292846,AAPL,64.07358961443549
2024-12-02 20:13:41.292846,AAPL,64.47487198752651
2024-12-03 20:13:41.292846,AAPL,63.765328472525226
2024-12-04 20:13:41.292846,AAPL,65.0528075414691
2024-12-05 20:13:41.292846,AAPL,69.16227188106865
2024-12-06 20:13:41.292846,AAPL,68.22869850957879
2024-12-09 20:13:41.292846,AAPL,66.90294455691736
2024-12-10 20:13:41.292846,AAPL,65.21464794416296
2024-12-11 20:13:41.292846,AAPL,67.836279782446
2024-12-12 20:13:41.292846,AAPL,67.49387760595263
2024-12-13 20:13:41.292846,AAPL,64.5990327316228
2024-12-16 20:13:41.292846,AAPL,66.4459348771373
2024-12-17 20:13:41.292846,AAPL,64.2972438737392
2024-12-18 20:13:41.292846,AAPL,62.46377494194307
2024-12-19 20:13:41.292846,AAPL,63.96400433427651
2024-12-20 20:13:41.292846,AAPL,69.59119336754763
2024-12-23 20:13:41.292846,AAPL,69.80683258095704
2024-12-24 20:13:41.292846,AAPL,69.68255655535694
2024-12-25 20:13:41.292846,AAPL,71.20659753280378
2024-12-26 20:13:41.292846,AAPL,70.12241736797128
2024-12-27 20:13:41.292846,AAPL,70.66319923660603
2024-12-30 20:13:41.292846,AAPL,68.65873945014118
2024-12-31 20:13:41.292846,AAPL,70.06540722330429
2025-01-01 20:13:41.292846,AAPL,68.64141463454322
2025-01-02 20:13:41.292846,AAPL,69.54222152025602
2025-01-03 20:13:41.292846,AAPL,73.34465739716134
2025-01-06 20:13:41.292846,AAPL,76.17778515280733
2025-01-07 20:13:41.292846,AAPL,77.15688026837627
2025-01-08 20:13:41.292846,AAPL,77.6652402336723
2025-01-09 20:13:41.292846,AAPL,78.50083299843307
2025-01-10 20:13:41.292846,AAPL,77.72357064128592
2025-01-13 20:13:41.292846,AAPL,76.97382602458829
2025-01-14 20:13:41.292846,AAPL,80.72297823742834
2025-01-15 20:13:41.292846,AAPL,81.14871315332536
2025-01-16 20:13:41.292846,AAPL,81.52003543046897
2025-01-17 20:13:41.292846,AAPL,83.67262011620193
2025-01-20 20:13:41.292846,AAPL,86.4061791391276
2025-01-21 20:13:41.292846,AAPL,84.13539480168326
2025-01-22 20:13:41.292846,AAPL,83.15292353202112
2025-01-23 20:13:41.292846,AAPL,85.22961827879693
2025-01-24 20:13:41.292846,AAPL,87.3446058810399
2025-01-27 20:13:41.292846,AAPL,83.7775742204267
2025-01-28 20:13:41.292846,AAPL,85.40873381452742
2025-01-29 20:13:41.292846,AAPL,88.14341593763983
2025-01-30 20:13:41.292846,AAPL,87.30254337374573
2025-01-31 20:13:41.292846,AAPL,86.99304289280822
2025-02-03 20:13:41.292846,AAPL,83.18167377072415
2025-02-04 20:13:41.292846,AAPL,83.95270141458565
2025-02-05 20:13:41.292846,AAPL,81.88298144380833
2025-02-06 20:13:41.292846,AAPL,78.9374863585647
2025-02-07 20:13:41.292846,AAPL,75.53768578463882
2025-02-10 20:13:41.292846,AAPL,77.10625251617806
2025-02-11 20:13:41.292846,AAPL,77.83826845917342
2025-02-12 20:13:41.292846,AAPL,76.87143967561006
2025-02-13 20:13:41.292846,AAPL,80.09764256428082
2025-02-14 20:13:41.292846,AAPL,79.45521609176677
2025-02-17 20:13:41.292846,AAPL,78.60827331711084
2025-02-18 20:13:41.292846,AAPL,75.7919532627972
2025-02-19 20:13:41.292846,AAPL,78.85014714318177
2025-02-20 20:13:41.292846,AAPL,78.12994349634435
2025-02-21 20:13:41.292846,AAPL,81.32499608065447
2025-02-24 20:13:41.292846,AAPL,84.63485718901279
2025-02-25 20:13:41.292846,AAPL,78.8666634845497
2025-02-26 20:13:41.292846,AAPL,78.94206883110765
2025-02-27 20:13:41.292846,AAPL,78.50494618835025
2025-02-28 20:13:41.292846,AAPL,78.31041269442478
2025-03-03 20:13:41.292846,AAPL,79.66864728080385
2025-03-04 20:13:41.292846,AAPL,79.617182267578
2025-03-05 20:13:41.292846,AAPL,78.9727218847843
2025-03-06 20:13:41.292846,AAPL,80.47897796296604
2025-03-07 20:13:41.292846,AAPL,80.53844000757496
